file,line,type,commit,author,date,time,timezone,datetime,depth,length
style.css,1,css,e6686c63,Dylan-Vo05,2025-04-18,06:10:40,-07:00,2025-04-18T06:10:40-07:00,0,5
style.css,2,css,e6686c63,Dylan-Vo05,2025-04-18,06:10:40,-07:00,2025-04-18T06:10:40-07:00,0,24
style.css,3,css,e6686c63,Dylan-Vo05,2025-04-18,06:10:40,-07:00,2025-04-18T06:10:40-07:00,0,0
style.css,4,css,e6686c63,Dylan-Vo05,2025-04-18,06:10:40,-07:00,2025-04-18T06:10:40-07:00,0,0
style.css,5,css,7044168d,Dylan-Vo05,2025-04-11,23:57:14,-07:00,2025-04-11T23:57:14-07:00,0,23
style.css,6,css,7044168d,Dylan-Vo05,2025-04-11,23:57:14,-07:00,2025-04-11T23:57:14-07:00,0,16
style.css,7,css,7044168d,Dylan-Vo05,2025-04-11,23:57:14,-07:00,2025-04-11T23:57:14-07:00,0,18
style.css,8,css,7044168d,Dylan-Vo05,2025-04-11,23:57:14,-07:00,2025-04-11T23:57:14-07:00,0,15
style.css,9,css,7044168d,Dylan-Vo05,2025-04-11,23:57:14,-07:00,2025-04-11T23:57:14-07:00,0,0
style.css,10,css,7044168d,Dylan-Vo05,2025-04-11,23:57:14,-07:00,2025-04-11T23:57:14-07:00,0,0
style.css,11,css,7044168d,Dylan-Vo05,2025-04-11,23:57:14,-07:00,2025-04-11T23:57:14-07:00,0,3
style.css,12,css,e6686c63,Dylan-Vo05,2025-04-18,06:10:40,-07:00,2025-04-18T06:10:40-07:00,0,40
style.css,13,css,7044168d,Dylan-Vo05,2025-04-11,23:57:14,-07:00,2025-04-11T23:57:14-07:00,0,15
style.css,14,css,e6686c63,Dylan-Vo05,2025-04-18,06:10:40,-07:00,2025-04-18T06:10:40-07:00,0,44
style.css,15,css,7044168d,Dylan-Vo05,2025-04-11,23:57:14,-07:00,2025-04-11T23:57:14-07:00,0,0
style.css,16,css,7044168d,Dylan-Vo05,2025-04-11,23:57:14,-07:00,2025-04-11T23:57:14-07:00,0,0
style.css,17,css,7044168d,Dylan-Vo05,2025-04-11,23:57:14,-07:00,2025-04-11T23:57:14-07:00,0,3
style.css,18,css,7044168d,Dylan-Vo05,2025-04-11,23:57:14,-07:00,2025-04-11T23:57:14-07:00,0,15
style.css,19,css,7044168d,Dylan-Vo05,2025-04-11,23:57:14,-07:00,2025-04-11T23:57:14-07:00,0,0
style.css,20,css,7044168d,Dylan-Vo05,2025-04-11,23:57:14,-07:00,2025-04-11T23:57:14-07:00,0,0
style.css,21,css,be166b3d,Dylan-Vo05,2025-04-11,21:01:18,-07:00,2025-04-11T21:01:18-07:00,0,5
style.css,22,css,be166b3d,Dylan-Vo05,2025-04-11,21:01:18,-07:00,2025-04-11T21:01:18-07:00,0,44
style.css,23,css,be166b3d,Dylan-Vo05,2025-04-11,21:01:18,-07:00,2025-04-11T21:01:18-07:00,0,43
style.css,24,css,be166b3d,Dylan-Vo05,2025-04-11,21:01:18,-07:00,2025-04-11T21:01:18-07:00,0,1
style.css,25,css,7044168d,Dylan-Vo05,2025-04-11,23:57:14,-07:00,2025-04-11T23:57:14-07:00,0,32
style.css,26,css,be166b3d,Dylan-Vo05,2025-04-11,21:01:18,-07:00,2025-04-11T21:01:18-07:00,0,24
style.css,27,css,be166b3d,Dylan-Vo05,2025-04-11,21:01:18,-07:00,2025-04-11T21:01:18-07:00,0,14
style.css,28,css,be166b3d,Dylan-Vo05,2025-04-11,21:01:18,-07:00,2025-04-11T21:01:18-07:00,0,16
style.css,29,css,be166b3d,Dylan-Vo05,2025-04-11,21:01:18,-07:00,2025-04-11T21:01:18-07:00,0,43
style.css,30,css,be166b3d,Dylan-Vo05,2025-04-11,21:01:18,-07:00,2025-04-11T21:01:18-07:00,0,13
style.css,31,css,e6686c63,Dylan-Vo05,2025-04-18,06:10:40,-07:00,2025-04-18T06:10:40-07:00,0,33
style.css,32,css,e6686c63,Dylan-Vo05,2025-04-18,06:10:40,-07:00,2025-04-18T06:10:40-07:00,0,0
style.css,33,css,e6686c63,Dylan-Vo05,2025-04-18,06:10:40,-07:00,2025-04-18T06:10:40-07:00,0,0
style.css,34,css,e6686c63,Dylan-Vo05,2025-04-18,06:10:40,-07:00,2025-04-18T06:10:40-07:00,0,21
style.css,35,css,e6686c63,Dylan-Vo05,2025-04-18,06:10:40,-07:00,2025-04-18T06:10:40-07:00,0,17
style.css,36,css,e6686c63,Dylan-Vo05,2025-04-18,06:10:40,-07:00,2025-04-18T06:10:40-07:00,0,8
style.css,37,css,e6686c63,Dylan-Vo05,2025-04-18,06:10:40,-07:00,2025-04-18T06:10:40-07:00,0,10
style.css,38,css,e6686c63,Dylan-Vo05,2025-04-18,06:10:40,-07:00,2025-04-18T06:10:40-07:00,0,16
style.css,39,css,e6686c63,Dylan-Vo05,2025-04-18,06:10:40,-07:00,2025-04-18T06:10:40-07:00,0,20
style.css,40,css,be166b3d,Dylan-Vo05,2025-04-11,21:01:18,-07:00,2025-04-11T21:01:18-07:00,0,0
style.css,41,css,be166b3d,Dylan-Vo05,2025-04-11,21:01:18,-07:00,2025-04-11T21:01:18-07:00,0,0
style.css,42,css,be166b3d,Dylan-Vo05,2025-04-11,21:01:18,-07:00,2025-04-11T21:01:18-07:00,0,4
style.css,43,css,e6686c63,Dylan-Vo05,2025-04-18,06:10:40,-07:00,2025-04-18T06:10:40-07:00,0,40
style.css,44,css,be166b3d,Dylan-Vo05,2025-04-11,21:01:18,-07:00,2025-04-11T21:01:18-07:00,0,13
style.css,45,css,be166b3d,Dylan-Vo05,2025-04-11,21:01:18,-07:00,2025-04-11T21:01:18-07:00,0,18
style.css,46,css,be166b3d,Dylan-Vo05,2025-04-11,21:01:18,-07:00,2025-04-11T21:01:18-07:00,0,18
style.css,47,css,e6686c63,Dylan-Vo05,2025-04-18,06:10:40,-07:00,2025-04-18T06:10:40-07:00,0,44
style.css,48,css,e6686c63,Dylan-Vo05,2025-04-18,06:10:40,-07:00,2025-04-18T06:10:40-07:00,0,20
style.css,49,css,be166b3d,Dylan-Vo05,2025-04-11,21:01:18,-07:00,2025-04-11T21:01:18-07:00,0,0
style.css,50,css,be166b3d,Dylan-Vo05,2025-04-11,21:01:18,-07:00,2025-04-11T21:01:18-07:00,0,0
style.css,51,css,be166b3d,Dylan-Vo05,2025-04-11,21:01:18,-07:00,2025-04-11T21:01:18-07:00,0,6
style.css,52,css,be166b3d,Dylan-Vo05,2025-04-11,21:01:18,-07:00,2025-04-11T21:01:18-07:00,0,21
style.css,53,css,be166b3d,Dylan-Vo05,2025-04-11,21:01:18,-07:00,2025-04-11T21:01:18-07:00,0,14
style.css,54,css,be166b3d,Dylan-Vo05,2025-04-11,21:01:18,-07:00,2025-04-11T21:01:18-07:00,0,14
style.css,55,css,be166b3d,Dylan-Vo05,2025-04-11,21:01:18,-07:00,2025-04-11T21:01:18-07:00,0,7
style.css,56,css,be166b3d,Dylan-Vo05,2025-04-11,21:01:18,-07:00,2025-04-11T21:01:18-07:00,0,0
style.css,57,css,be166b3d,Dylan-Vo05,2025-04-11,21:01:18,-07:00,2025-04-11T21:01:18-07:00,0,0
style.css,58,css,7044168d,Dylan-Vo05,2025-04-11,23:57:14,-07:00,2025-04-11T23:57:14-07:00,0,12
style.css,59,css,be166b3d,Dylan-Vo05,2025-04-11,21:01:18,-07:00,2025-04-11T21:01:18-07:00,0,21
style.css,60,css,be166b3d,Dylan-Vo05,2025-04-11,21:01:18,-07:00,2025-04-11T21:01:18-07:00,0,14
style.css,61,css,be166b3d,Dylan-Vo05,2025-04-11,21:01:18,-07:00,2025-04-11T21:01:18-07:00,0,14
style.css,62,css,be166b3d,Dylan-Vo05,2025-04-11,21:01:18,-07:00,2025-04-11T21:01:18-07:00,0,7
style.css,63,css,e6686c63,Dylan-Vo05,2025-04-18,06:10:40,-07:00,2025-04-18T06:10:40-07:00,0,44
style.css,64,css,be166b3d,Dylan-Vo05,2025-04-11,21:01:18,-07:00,2025-04-11T21:01:18-07:00,0,17
style.css,65,css,7044168d,Dylan-Vo05,2025-04-11,23:57:14,-07:00,2025-04-11T23:57:14-07:00,0,0
style.css,66,css,7044168d,Dylan-Vo05,2025-04-11,23:57:14,-07:00,2025-04-11T23:57:14-07:00,0,0
style.css,67,css,7044168d,Dylan-Vo05,2025-04-11,23:57:14,-07:00,2025-04-11T23:57:14-07:00,0,10
style.css,68,css,e6686c63,Dylan-Vo05,2025-04-18,06:10:40,-07:00,2025-04-18T06:10:40-07:00,0,70
style.css,69,css,7044168d,Dylan-Vo05,2025-04-11,23:57:14,-07:00,2025-04-11T23:57:14-07:00,0,26
style.css,70,css,7044168d,Dylan-Vo05,2025-04-11,23:57:14,-07:00,2025-04-11T23:57:14-07:00,0,44
style.css,71,css,7044168d,Dylan-Vo05,2025-04-11,23:57:14,-07:00,2025-04-11T23:57:14-07:00,0,0
style.css,72,css,7044168d,Dylan-Vo05,2025-04-11,23:57:14,-07:00,2025-04-11T23:57:14-07:00,0,0
style.css,73,css,7044168d,Dylan-Vo05,2025-04-11,23:57:14,-07:00,2025-04-11T23:57:14-07:00,0,5
style.css,74,css,7044168d,Dylan-Vo05,2025-04-11,23:57:14,-07:00,2025-04-11T23:57:14-07:00,0,13
style.css,75,css,7044168d,Dylan-Vo05,2025-04-11,23:57:14,-07:00,2025-04-11T23:57:14-07:00,0,32
style.css,76,css,7044168d,Dylan-Vo05,2025-04-11,23:57:14,-07:00,2025-04-11T23:57:14-07:00,0,8
style.css,77,css,e6686c63,Dylan-Vo05,2025-04-18,06:10:40,-07:00,2025-04-18T06:10:40-07:00,0,20
style.css,78,css,7044168d,Dylan-Vo05,2025-04-11,23:57:14,-07:00,2025-04-11T23:57:14-07:00,0,0
style.css,79,css,7044168d,Dylan-Vo05,2025-04-11,23:57:14,-07:00,2025-04-11T23:57:14-07:00,0,0
style.css,80,css,7044168d,Dylan-Vo05,2025-04-11,23:57:14,-07:00,2025-04-11T23:57:14-07:00,0,8
style.css,81,css,7044168d,Dylan-Vo05,2025-04-11,23:57:14,-07:00,2025-04-11T23:57:14-07:00,0,13
style.css,82,css,7044168d,Dylan-Vo05,2025-04-11,23:57:14,-07:00,2025-04-11T23:57:14-07:00,0,30
style.css,83,css,7044168d,Dylan-Vo05,2025-04-11,23:57:14,-07:00,2025-04-11T23:57:14-07:00,0,19
style.css,84,css,7044168d,Dylan-Vo05,2025-04-11,23:57:14,-07:00,2025-04-11T23:57:14-07:00,0,0
style.css,85,css,7044168d,Dylan-Vo05,2025-04-11,23:57:14,-07:00,2025-04-11T23:57:14-07:00,0,0
style.css,86,css,7044168d,Dylan-Vo05,2025-04-11,23:57:14,-07:00,2025-04-11T23:57:14-07:00,0,9
style.css,87,css,7044168d,Dylan-Vo05,2025-04-11,23:57:14,-07:00,2025-04-11T23:57:14-07:00,0,19
style.css,88,css,7044168d,Dylan-Vo05,2025-04-11,23:57:14,-07:00,2025-04-11T23:57:14-07:00,0,18
style.css,89,css,7044168d,Dylan-Vo05,2025-04-11,23:57:14,-07:00,2025-04-11T23:57:14-07:00,0,0
style.css,90,css,7044168d,Dylan-Vo05,2025-04-11,23:57:14,-07:00,2025-04-11T23:57:14-07:00,0,0
style.css,91,css,7044168d,Dylan-Vo05,2025-04-11,23:57:14,-07:00,2025-04-11T23:57:14-07:00,0,13
style.css,92,css,7044168d,Dylan-Vo05,2025-04-11,23:57:14,-07:00,2025-04-11T23:57:14-07:00,0,13
style.css,93,css,7044168d,Dylan-Vo05,2025-04-11,23:57:14,-07:00,2025-04-11T23:57:14-07:00,0,59
style.css,94,css,7044168d,Dylan-Vo05,2025-04-11,23:57:14,-07:00,2025-04-11T23:57:14-07:00,0,8
style.css,95,css,7044168d,Dylan-Vo05,2025-04-11,23:57:14,-07:00,2025-04-11T23:57:14-07:00,0,12
style.css,96,css,e6686c63,Dylan-Vo05,2025-04-18,06:10:40,-07:00,2025-04-18T06:10:40-07:00,0,20
style.css,97,css,7044168d,Dylan-Vo05,2025-04-11,23:57:14,-07:00,2025-04-11T23:57:14-07:00,0,0
style.css,98,css,7044168d,Dylan-Vo05,2025-04-11,23:57:14,-07:00,2025-04-11T23:57:14-07:00,0,0
style.css,99,css,7044168d,Dylan-Vo05,2025-04-11,23:57:14,-07:00,2025-04-11T23:57:14-07:00,0,9
style.css,100,css,7044168d,Dylan-Vo05,2025-04-11,23:57:14,-07:00,2025-04-11T23:57:14-07:00,0,27
style.css,101,css,7044168d,Dylan-Vo05,2025-04-11,23:57:14,-07:00,2025-04-11T23:57:14-07:00,0,16
style.css,102,css,7044168d,Dylan-Vo05,2025-04-11,23:57:14,-07:00,2025-04-11T23:57:14-07:00,0,8
style.css,103,css,7044168d,Dylan-Vo05,2025-04-11,23:57:14,-07:00,2025-04-11T23:57:14-07:00,0,0
style.css,104,css,7044168d,Dylan-Vo05,2025-04-11,23:57:14,-07:00,2025-04-11T23:57:14-07:00,0,0
style.css,105,css,7044168d,Dylan-Vo05,2025-04-11,23:57:14,-07:00,2025-04-11T23:57:14-07:00,0,19
style.css,106,css,7044168d,Dylan-Vo05,2025-04-11,23:57:14,-07:00,2025-04-11T23:57:14-07:00,0,13
style.css,107,css,7044168d,Dylan-Vo05,2025-04-11,23:57:14,-07:00,2025-04-11T23:57:14-07:00,0,32
style.css,108,css,7044168d,Dylan-Vo05,2025-04-11,23:57:14,-07:00,2025-04-11T23:57:14-07:00,0,10
style.css,109,css,7044168d,Dylan-Vo05,2025-04-11,23:57:14,-07:00,2025-04-11T23:57:14-07:00,0,0
style.css,110,css,7044168d,Dylan-Vo05,2025-04-11,23:57:14,-07:00,2025-04-11T23:57:14-07:00,0,0
style.css,111,css,7044168d,Dylan-Vo05,2025-04-11,23:57:14,-07:00,2025-04-11T23:57:14-07:00,0,8
style.css,112,css,7044168d,Dylan-Vo05,2025-04-11,23:57:14,-07:00,2025-04-11T23:57:14-07:00,0,13
style.css,113,css,7044168d,Dylan-Vo05,2025-04-11,23:57:14,-07:00,2025-04-11T23:57:14-07:00,0,30
style.css,114,css,7044168d,Dylan-Vo05,2025-04-11,23:57:14,-07:00,2025-04-11T23:57:14-07:00,0,19
style.css,115,css,e6686c63,Dylan-Vo05,2025-04-18,06:10:40,-07:00,2025-04-18T06:10:40-07:00,0,0
style.css,116,css,e6686c63,Dylan-Vo05,2025-04-18,06:10:40,-07:00,2025-04-18T06:10:40-07:00,0,0
style.css,117,css,1babaa38,Dylan-Vo05,2025-04-25,23:49:30,-07:00,2025-04-25T23:49:30-07:00,0,21
style.css,118,css,1babaa38,Dylan-Vo05,2025-04-25,23:49:30,-07:00,2025-04-25T23:49:30-07:00,0,13
style.css,119,css,1babaa38,Dylan-Vo05,2025-04-25,23:49:30,-07:00,2025-04-25T23:49:30-07:00,0,37
style.css,120,css,1babaa38,Dylan-Vo05,2025-04-25,23:49:30,-07:00,2025-04-25T23:49:30-07:00,0,8
style.css,121,css,1babaa38,Dylan-Vo05,2025-04-25,23:49:30,-07:00,2025-04-25T23:49:30-07:00,0,0
style.css,122,css,1babaa38,Dylan-Vo05,2025-04-25,23:49:30,-07:00,2025-04-25T23:49:30-07:00,0,0
style.css,123,css,1babaa38,Dylan-Vo05,2025-04-25,23:49:30,-07:00,2025-04-25T23:49:30-07:00,0,20
style.css,124,css,1babaa38,Dylan-Vo05,2025-04-25,23:49:30,-07:00,2025-04-25T23:49:30-07:00,0,11
style.css,125,css,1babaa38,Dylan-Vo05,2025-04-25,23:49:30,-07:00,2025-04-25T23:49:30-07:00,0,17
style.css,126,css,1babaa38,Dylan-Vo05,2025-04-25,23:49:30,-07:00,2025-04-25T23:49:30-07:00,0,0
style.css,127,css,1babaa38,Dylan-Vo05,2025-04-25,23:49:30,-07:00,2025-04-25T23:49:30-07:00,0,0
style.css,128,css,1babaa38,Dylan-Vo05,2025-04-25,23:49:30,-07:00,2025-04-25T23:49:30-07:00,0,20
style.css,129,css,1babaa38,Dylan-Vo05,2025-04-25,23:49:30,-07:00,2025-04-25T23:49:30-07:00,0,11
style.css,130,css,1babaa38,Dylan-Vo05,2025-04-25,23:49:30,-07:00,2025-04-25T23:49:30-07:00,0,15
style.css,131,css,1babaa38,Dylan-Vo05,2025-04-25,23:49:30,-07:00,2025-04-25T23:49:30-07:00,0,0
style.css,132,css,e52c287f,Dylan-Vo05,2025-05-02,23:44:50,-07:00,2025-05-02T23:44:50-07:00,0,0
style.css,133,css,e52c287f,Dylan-Vo05,2025-05-02,23:44:50,-07:00,2025-05-02T23:44:50-07:00,0,18
style.css,134,css,e52c287f,Dylan-Vo05,2025-05-02,23:44:50,-07:00,2025-05-02T23:44:50-07:00,0,13
style.css,135,css,e52c287f,Dylan-Vo05,2025-05-02,23:44:50,-07:00,2025-05-02T23:44:50-07:00,0,23
style.css,136,css,e52c287f,Dylan-Vo05,2025-05-02,23:44:50,-07:00,2025-05-02T23:44:50-07:00,0,8
style.css,137,css,e52c287f,Dylan-Vo05,2025-05-02,23:44:50,-07:00,2025-05-02T23:44:50-07:00,0,15
style.css,138,css,e52c287f,Dylan-Vo05,2025-05-02,23:44:50,-07:00,2025-05-02T23:44:50-07:00,0,13
style.css,139,css,e52c287f,Dylan-Vo05,2025-05-02,23:44:50,-07:00,2025-05-02T23:44:50-07:00,0,0
style.css,140,css,e52c287f,Dylan-Vo05,2025-05-02,23:44:50,-07:00,2025-05-02T23:44:50-07:00,0,0
style.css,141,css,e52c287f,Dylan-Vo05,2025-05-02,23:44:50,-07:00,2025-05-02T23:44:50-07:00,0,22
style.css,142,css,e52c287f,Dylan-Vo05,2025-05-02,23:44:50,-07:00,2025-05-02T23:44:50-07:00,0,12
style.css,143,css,e52c287f,Dylan-Vo05,2025-05-02,23:44:50,-07:00,2025-05-02T23:44:50-07:00,0,13
style.css,144,css,e52c287f,Dylan-Vo05,2025-05-02,23:44:50,-07:00,2025-05-02T23:44:50-07:00,0,17
style.css,145,css,e52c287f,Dylan-Vo05,2025-05-02,23:44:50,-07:00,2025-05-02T23:44:50-07:00,0,17
style.css,146,css,e52c287f,Dylan-Vo05,2025-05-02,23:44:50,-07:00,2025-05-02T23:44:50-07:00,0,0
style.css,147,css,e52c287f,Dylan-Vo05,2025-05-02,23:44:50,-07:00,2025-05-02T23:44:50-07:00,0,0
style.css,148,css,e52c287f,Dylan-Vo05,2025-05-02,23:44:50,-07:00,2025-05-02T23:44:50-07:00,0,55
style.css,149,css,e52c287f,Dylan-Vo05,2025-05-02,23:44:50,-07:00,2025-05-02T23:44:50-07:00,0,12
style.css,150,css,e52c287f,Dylan-Vo05,2025-05-02,23:44:50,-07:00,2025-05-02T23:44:50-07:00,0,0
style.css,151,css,e52c287f,Dylan-Vo05,2025-05-02,23:44:50,-07:00,2025-05-02T23:44:50-07:00,0,0
style.css,152,css,e52c287f,Dylan-Vo05,2025-05-02,23:44:50,-07:00,2025-05-02T23:44:50-07:00,0,5
style.css,153,css,e52c287f,Dylan-Vo05,2025-05-02,23:44:50,-07:00,2025-05-02T23:44:50-07:00,0,17
style.css,154,css,e52c287f,Dylan-Vo05,2025-05-02,23:44:50,-07:00,2025-05-02T23:44:50-07:00,0,15
style.css,155,css,e52c287f,Dylan-Vo05,2025-05-02,23:44:50,-07:00,2025-05-02T23:44:50-07:00,0,0
style.css,156,css,e52c287f,Dylan-Vo05,2025-05-02,23:44:50,-07:00,2025-05-02T23:44:50-07:00,0,0
style.css,157,css,e52c287f,Dylan-Vo05,2025-05-02,23:44:50,-07:00,2025-05-02T23:44:50-07:00,0,12
style.css,158,css,e52c287f,Dylan-Vo05,2025-05-02,23:44:50,-07:00,2025-05-02T23:44:50-07:00,0,10
style.css,159,css,e52c287f,Dylan-Vo05,2025-05-02,23:44:50,-07:00,2025-05-02T23:44:50-07:00,0,11
style.css,160,css,e52c287f,Dylan-Vo05,2025-05-02,23:44:50,-07:00,2025-05-02T23:44:50-07:00,0,18
style.css,161,css,e52c287f,Dylan-Vo05,2025-05-02,23:44:50,-07:00,2025-05-02T23:44:50-07:00,0,21
style.css,162,css,e52c287f,Dylan-Vo05,2025-05-02,23:44:50,-07:00,2025-05-02T23:44:50-07:00,0,19
style.css,163,css,e52c287f,Dylan-Vo05,2025-05-02,23:44:50,-07:00,2025-05-02T23:44:50-07:00,0,22
style.css,164,css,e52c287f,Dylan-Vo05,2025-05-02,23:44:50,-07:00,2025-05-02T23:44:50-07:00,0,77
style.css,165,css,e52c287f,Dylan-Vo05,2025-05-02,23:44:50,-07:00,2025-05-02T23:44:50-07:00,0,0
style.css,166,css,e52c287f,Dylan-Vo05,2025-05-02,23:44:50,-07:00,2025-05-02T23:44:50-07:00,0,0
style.css,167,css,e52c287f,Dylan-Vo05,2025-05-02,23:44:50,-07:00,2025-05-02T23:44:50-07:00,0,10
style.css,168,css,e52c287f,Dylan-Vo05,2025-05-02,23:44:50,-07:00,2025-05-02T23:44:50-07:00,0,13
style.css,169,css,e52c287f,Dylan-Vo05,2025-05-02,23:44:50,-07:00,2025-05-02T23:44:50-07:00,0,58
style.css,170,css,e52c287f,Dylan-Vo05,2025-05-02,23:44:50,-07:00,2025-05-02T23:44:50-07:00,0,14
style.css,171,css,e52c287f,Dylan-Vo05,2025-05-02,23:44:50,-07:00,2025-05-02T23:44:50-07:00,0,12
style.css,172,css,e52c287f,Dylan-Vo05,2025-05-02,23:44:50,-07:00,2025-05-02T23:44:50-07:00,0,15
style.css,173,css,e52c287f,Dylan-Vo05,2025-05-02,23:44:50,-07:00,2025-05-02T23:44:50-07:00,0,22
style.css,174,css,e52c287f,Dylan-Vo05,2025-05-02,23:44:50,-07:00,2025-05-02T23:44:50-07:00,0,18
style.css,175,css,e52c287f,Dylan-Vo05,2025-05-02,23:44:50,-07:00,2025-05-02T23:44:50-07:00,0,12
style.css,176,css,e52c287f,Dylan-Vo05,2025-05-02,23:44:50,-07:00,2025-05-02T23:44:50-07:00,0,16
style.css,177,css,e52c287f,Dylan-Vo05,2025-05-02,23:44:50,-07:00,2025-05-02T23:44:50-07:00,0,0
style.css,178,css,e52c287f,Dylan-Vo05,2025-05-02,23:44:50,-07:00,2025-05-02T23:44:50-07:00,0,0
style.css,179,css,e52c287f,Dylan-Vo05,2025-05-02,23:44:50,-07:00,2025-05-02T23:44:50-07:00,0,16
style.css,180,css,e52c287f,Dylan-Vo05,2025-05-02,23:44:50,-07:00,2025-05-02T23:44:50-07:00,0,13
style.css,181,css,e52c287f,Dylan-Vo05,2025-05-02,23:44:50,-07:00,2025-05-02T23:44:50-07:00,0,19
style.css,182,css,e52c287f,Dylan-Vo05,2025-05-02,23:44:50,-07:00,2025-05-02T23:44:50-07:00,0,8
style.css,183,css,e52c287f,Dylan-Vo05,2025-05-02,23:44:50,-07:00,2025-05-02T23:44:50-07:00,0,11
style.css,184,css,e52c287f,Dylan-Vo05,2025-05-02,23:44:50,-07:00,2025-05-02T23:44:50-07:00,0,0
index.js,1,js,1babaa38,Dylan-Vo05,2025-04-25,23:49:30,-07:00,2025-04-25T23:49:30-07:00,0,72
index.js,2,js,1babaa38,Dylan-Vo05,2025-04-25,23:49:30,-07:00,2025-04-25T23:49:30-07:00,0,0
index.js,3,js,1babaa38,Dylan-Vo05,2025-04-25,23:49:30,-07:00,2025-04-25T23:49:30-07:00,0,55
index.js,4,js,1babaa38,Dylan-Vo05,2025-04-25,23:49:30,-07:00,2025-04-25T23:49:30-07:00,0,43
index.js,5,js,1babaa38,Dylan-Vo05,2025-04-25,23:49:30,-07:00,2025-04-25T23:49:30-07:00,0,61
index.js,6,js,1babaa38,Dylan-Vo05,2025-04-25,23:49:30,-07:00,2025-04-25T23:49:30-07:00,0,54
index.js,7,js,1babaa38,Dylan-Vo05,2025-04-25,23:49:30,-07:00,2025-04-25T23:49:30-07:00,0,61
index.js,8,js,1babaa38,Dylan-Vo05,2025-04-25,23:49:30,-07:00,2025-04-25T23:49:30-07:00,0,0
index.js,9,js,1babaa38,Dylan-Vo05,2025-04-25,23:49:30,-07:00,2025-04-25T23:49:30-07:00,0,55
index.js,10,js,1babaa38,Dylan-Vo05,2025-04-25,23:49:30,-07:00,2025-04-25T23:49:30-07:00,0,0
index.js,11,js,1babaa38,Dylan-Vo05,2025-04-25,23:49:30,-07:00,2025-04-25T23:49:30-07:00,0,18
index.js,12,js,1babaa38,Dylan-Vo05,2025-04-25,23:49:30,-07:00,2025-04-25T23:49:30-07:00,0,25
index.js,13,js,1babaa38,Dylan-Vo05,2025-04-25,23:49:30,-07:00,2025-04-25T23:49:30-07:00,0,3
index.js,14,js,1babaa38,Dylan-Vo05,2025-04-25,23:49:30,-07:00,2025-04-25T23:49:30-07:00,0,56
index.js,15,js,1babaa38,Dylan-Vo05,2025-04-25,23:49:30,-07:00,2025-04-25T23:49:30-07:00,0,56
index.js,16,js,1babaa38,Dylan-Vo05,2025-04-25,23:49:30,-07:00,2025-04-25T23:49:30-07:00,0,50
index.js,17,js,1babaa38,Dylan-Vo05,2025-04-25,23:49:30,-07:00,2025-04-25T23:49:30-07:00,0,50
index.js,18,js,1babaa38,Dylan-Vo05,2025-04-25,23:49:30,-07:00,2025-04-25T23:49:30-07:00,0,4
index.js,19,js,1babaa38,Dylan-Vo05,2025-04-25,23:49:30,-07:00,2025-04-25T23:49:30-07:00,0,1
index.js,20,js,1babaa38,Dylan-Vo05,2025-04-25,23:49:30,-07:00,2025-04-25T23:49:30-07:00,0,0
index.html,1,html,abb8cf11,Dylan-Vo05,2025-04-03,23:10:56,-07:00,2025-04-03T23:10:56-07:00,0,14
index.html,2,html,abb8cf11,Dylan-Vo05,2025-04-03,23:10:56,-07:00,2025-04-03T23:10:56-07:00,0,15
index.html,3,html,abb8cf11,Dylan-Vo05,2025-04-03,23:10:56,-07:00,2025-04-03T23:10:56-07:00,0,5
index.html,4,html,abb8cf11,Dylan-Vo05,2025-04-03,23:10:56,-07:00,2025-04-03T23:10:56-07:00,0,21
index.html,5,html,abb8cf11,Dylan-Vo05,2025-04-03,23:10:56,-07:00,2025-04-03T23:10:56-07:00,0,69
index.html,6,html,bf7972e2,Dylan-Vo05,2025-04-04,01:03:10,-07:00,2025-04-04T01:03:10-07:00,0,51
index.html,7,html,3780e31a,Dylan-Vo05,2025-04-04,21:12:00,-07:00,2025-04-04T21:12:00-07:00,0,39
index.html,8,html,e6686c63,Dylan-Vo05,2025-04-18,06:10:40,-07:00,2025-04-18T06:10:40-07:00,0,46
index.html,9,html,abb8cf11,Dylan-Vo05,2025-04-03,23:10:56,-07:00,2025-04-03T23:10:56-07:00,0,6
index.html,10,html,be166b3d,Dylan-Vo05,2025-04-11,21:01:18,-07:00,2025-04-11T21:01:18-07:00,0,0
index.html,11,html,abb8cf11,Dylan-Vo05,2025-04-03,23:10:56,-07:00,2025-04-03T23:10:56-07:00,0,5
index.html,12,html,bf7972e2,Dylan-Vo05,2025-04-04,01:03:10,-07:00,2025-04-04T01:03:10-07:00,0,16
index.html,13,html,5e8c6500,Dylan-Vo05,2025-04-04,21:16:47,-07:00,2025-04-04T21:16:47-07:00,0,441
index.html,14,html,bf7972e2,Dylan-Vo05,2025-04-04,01:03:10,-07:00,2025-04-04T01:03:10-07:00,0,0
index.html,15,html,596e37a2,Dylan-Vo05,2025-05-02,23:54:36,-07:00,2025-05-02T23:54:36-07:00,0,105
index.html,16,html,1babaa38,Dylan-Vo05,2025-04-25,23:49:30,-07:00,2025-04-25T23:49:30-07:00,0,0
index.html,17,html,1babaa38,Dylan-Vo05,2025-04-25,23:49:30,-07:00,2025-04-25T23:49:30-07:00,0,23
index.html,18,html,1babaa38,Dylan-Vo05,2025-04-25,23:49:30,-07:00,2025-04-25T23:49:30-07:00,0,78
index.html,19,html,1babaa38,Dylan-Vo05,2025-04-25,23:49:30,-07:00,2025-04-25T23:49:30-07:00,0,32
index.html,20,html,1babaa38,Dylan-Vo05,2025-04-25,23:49:30,-07:00,2025-04-25T23:49:30-07:00,0,0
index.html,21,html,1babaa38,Dylan-Vo05,2025-04-25,23:49:30,-07:00,2025-04-25T23:49:30-07:00,0,51
index.html,22,html,1babaa38,Dylan-Vo05,2025-04-25,23:49:30,-07:00,2025-04-25T23:49:30-07:00,0,0
index.html,23,html,abb8cf11,Dylan-Vo05,2025-04-03,23:10:56,-07:00,2025-04-03T23:10:56-07:00,0,6
index.html,24,html,abb8cf11,Dylan-Vo05,2025-04-03,23:10:56,-07:00,2025-04-03T23:10:56-07:00,0,6
global.js,1,js,e6686c63,Dylan-Vo05,2025-04-18,06:10:40,-07:00,2025-04-18T06:10:40-07:00,0,26
global.js,2,js,e6686c63,Dylan-Vo05,2025-04-18,06:10:40,-07:00,2025-04-18T06:10:40-07:00,0,0
global.js,3,js,e6686c63,Dylan-Vo05,2025-04-18,06:10:40,-07:00,2025-04-18T06:10:40-07:00,0,89
global.js,4,js,e6686c63,Dylan-Vo05,2025-04-18,06:10:40,-07:00,2025-04-18T06:10:40-07:00,0,37
global.js,5,js,e6686c63,Dylan-Vo05,2025-04-18,06:10:40,-07:00,2025-04-18T06:10:40-07:00,0,49
global.js,6,js,e6686c63,Dylan-Vo05,2025-04-18,06:10:40,-07:00,2025-04-18T06:10:40-07:00,0,0
global.js,7,js,e6686c63,Dylan-Vo05,2025-04-18,06:10:40,-07:00,2025-04-18T06:10:40-07:00,0,42
global.js,8,js,e6686c63,Dylan-Vo05,2025-04-18,06:10:40,-07:00,2025-04-18T06:10:40-07:00,0,53
global.js,9,js,e6686c63,Dylan-Vo05,2025-04-18,06:10:40,-07:00,2025-04-18T06:10:40-07:00,0,0
global.js,10,js,e6686c63,Dylan-Vo05,2025-04-18,06:10:40,-07:00,2025-04-18T06:10:40-07:00,0,0
global.js,11,js,e6686c63,Dylan-Vo05,2025-04-18,06:10:40,-07:00,2025-04-18T06:10:40-07:00,0,12
global.js,12,js,e6686c63,Dylan-Vo05,2025-04-18,06:10:40,-07:00,2025-04-18T06:10:40-07:00,0,26
global.js,13,js,e6686c63,Dylan-Vo05,2025-04-18,06:10:40,-07:00,2025-04-18T06:10:40-07:00,0,39
global.js,14,js,e6686c63,Dylan-Vo05,2025-04-18,06:10:40,-07:00,2025-04-18T06:10:40-07:00,0,36
global.js,15,js,e6686c63,Dylan-Vo05,2025-04-18,06:10:40,-07:00,2025-04-18T06:10:40-07:00,0,34
global.js,16,js,e6686c63,Dylan-Vo05,2025-04-18,06:10:40,-07:00,2025-04-18T06:10:40-07:00,0,56
global.js,17,js,57e0f836,Dylan-Vo05,2025-04-25,22:16:59,-07:00,2025-04-25T22:16:59-07:00,0,1
global.js,18,js,e6686c63,Dylan-Vo05,2025-04-18,06:10:40,-07:00,2025-04-18T06:10:40-07:00,0,0
global.js,19,js,e6686c63,Dylan-Vo05,2025-04-18,06:10:40,-07:00,2025-04-18T06:10:40-07:00,0,39
global.js,20,js,e6686c63,Dylan-Vo05,2025-04-18,06:10:40,-07:00,2025-04-18T06:10:40-07:00,0,26
global.js,21,js,e6686c63,Dylan-Vo05,2025-04-18,06:10:40,-07:00,2025-04-18T06:10:40-07:00,0,0
global.js,22,js,e6686c63,Dylan-Vo05,2025-04-18,06:10:40,-07:00,2025-04-18T06:10:40-07:00,0,21
global.js,23,js,e6686c63,Dylan-Vo05,2025-04-18,06:10:40,-07:00,2025-04-18T06:10:40-07:00,0,15
global.js,24,js,e6686c63,Dylan-Vo05,2025-04-18,06:10:40,-07:00,2025-04-18T06:10:40-07:00,0,19
global.js,25,js,e6686c63,Dylan-Vo05,2025-04-18,06:10:40,-07:00,2025-04-18T06:10:40-07:00,0,42
global.js,26,js,e6686c63,Dylan-Vo05,2025-04-18,06:10:40,-07:00,2025-04-18T06:10:40-07:00,0,29
global.js,27,js,e6686c63,Dylan-Vo05,2025-04-18,06:10:40,-07:00,2025-04-18T06:10:40-07:00,0,21
global.js,28,js,e6686c63,Dylan-Vo05,2025-04-18,06:10:40,-07:00,2025-04-18T06:10:40-07:00,0,0
global.js,29,js,e6686c63,Dylan-Vo05,2025-04-18,06:10:40,-07:00,2025-04-18T06:10:40-07:00,0,35
global.js,30,js,e6686c63,Dylan-Vo05,2025-04-18,06:10:40,-07:00,2025-04-18T06:10:40-07:00,0,12
global.js,31,js,e6686c63,Dylan-Vo05,2025-04-18,06:10:40,-07:00,2025-04-18T06:10:40-07:00,0,21
global.js,32,js,e6686c63,Dylan-Vo05,2025-04-18,06:10:40,-07:00,2025-04-18T06:10:40-07:00,0,66
global.js,33,js,e6686c63,Dylan-Vo05,2025-04-18,06:10:40,-07:00,2025-04-18T06:10:40-07:00,0,26
global.js,34,js,e6686c63,Dylan-Vo05,2025-04-18,06:10:40,-07:00,2025-04-18T06:10:40-07:00,0,0
global.js,35,js,e6686c63,Dylan-Vo05,2025-04-18,06:10:40,-07:00,2025-04-18T06:10:40-07:00,0,71
global.js,36,js,e6686c63,Dylan-Vo05,2025-04-18,06:10:40,-07:00,2025-04-18T06:10:40-07:00,0,19
global.js,37,js,e6686c63,Dylan-Vo05,2025-04-18,06:10:40,-07:00,2025-04-18T06:10:40-07:00,0,0
global.js,38,js,e6686c63,Dylan-Vo05,2025-04-18,06:10:40,-07:00,2025-04-18T06:10:40-07:00,0,13
global.js,39,js,57e0f836,Dylan-Vo05,2025-04-25,22:16:59,-07:00,2025-04-25T22:16:59-07:00,0,0
global.js,40,js,e6686c63,Dylan-Vo05,2025-04-18,06:10:40,-07:00,2025-04-18T06:10:40-07:00,0,0
global.js,41,js,e6686c63,Dylan-Vo05,2025-04-18,06:10:40,-07:00,2025-04-18T06:10:40-07:00,0,0
global.js,42,js,e6686c63,Dylan-Vo05,2025-04-18,06:10:40,-07:00,2025-04-18T06:10:40-07:00,0,32
global.js,43,js,e6686c63,Dylan-Vo05,2025-04-18,06:10:40,-07:00,2025-04-18T06:10:40-07:00,0,12
global.js,44,js,e6686c63,Dylan-Vo05,2025-04-18,06:10:40,-07:00,2025-04-18T06:10:40-07:00,0,0
global.js,45,js,e6686c63,Dylan-Vo05,2025-04-18,06:10:40,-07:00,2025-04-18T06:10:40-07:00,0,27
global.js,46,js,e6686c63,Dylan-Vo05,2025-04-18,06:10:40,-07:00,2025-04-18T06:10:40-07:00,0,5
global.js,47,js,e6686c63,Dylan-Vo05,2025-04-18,06:10:40,-07:00,2025-04-18T06:10:40-07:00,0,7
global.js,48,js,e6686c63,Dylan-Vo05,2025-04-18,06:10:40,-07:00,2025-04-18T06:10:40-07:00,0,46
global.js,49,js,e6686c63,Dylan-Vo05,2025-04-18,06:10:40,-07:00,2025-04-18T06:10:40-07:00,0,37
global.js,50,js,e6686c63,Dylan-Vo05,2025-04-18,06:10:40,-07:00,2025-04-18T06:10:40-07:00,0,35
global.js,51,js,e6686c63,Dylan-Vo05,2025-04-18,06:10:40,-07:00,2025-04-18T06:10:40-07:00,0,8
global.js,52,js,e6686c63,Dylan-Vo05,2025-04-18,06:10:40,-07:00,2025-04-18T06:10:40-07:00,0,9
global.js,53,js,57e0f836,Dylan-Vo05,2025-04-25,22:16:59,-07:00,2025-04-25T22:16:59-07:00,0,1
global.js,54,js,e6686c63,Dylan-Vo05,2025-04-18,06:10:40,-07:00,2025-04-18T06:10:40-07:00,0,0
global.js,55,js,e6686c63,Dylan-Vo05,2025-04-18,06:10:40,-07:00,2025-04-18T06:10:40-07:00,0,44
global.js,56,js,e6686c63,Dylan-Vo05,2025-04-18,06:10:40,-07:00,2025-04-18T06:10:40-07:00,0,0
global.js,57,js,e6686c63,Dylan-Vo05,2025-04-18,06:10:40,-07:00,2025-04-18T06:10:40-07:00,0,35
global.js,58,js,e6686c63,Dylan-Vo05,2025-04-18,06:10:40,-07:00,2025-04-18T06:10:40-07:00,0,84
global.js,59,js,e6686c63,Dylan-Vo05,2025-04-18,06:10:40,-07:00,2025-04-18T06:10:40-07:00,0,39
global.js,60,js,e6686c63,Dylan-Vo05,2025-04-18,06:10:40,-07:00,2025-04-18T06:10:40-07:00,0,0
global.js,61,js,e6686c63,Dylan-Vo05,2025-04-18,06:10:40,-07:00,2025-04-18T06:10:40-07:00,0,0
global.js,62,js,e6686c63,Dylan-Vo05,2025-04-18,06:10:40,-07:00,2025-04-18T06:10:40-07:00,0,50
global.js,63,js,e6686c63,Dylan-Vo05,2025-04-18,06:10:40,-07:00,2025-04-18T06:10:40-07:00,0,58
global.js,64,js,e6686c63,Dylan-Vo05,2025-04-18,06:10:40,-07:00,2025-04-18T06:10:40-07:00,0,78
global.js,65,js,e6686c63,Dylan-Vo05,2025-04-18,06:10:40,-07:00,2025-04-18T06:10:40-07:00,0,45
global.js,66,js,57e0f836,Dylan-Vo05,2025-04-25,22:16:59,-07:00,2025-04-25T22:16:59-07:00,0,2
global.js,67,js,57e0f836,Dylan-Vo05,2025-04-25,22:16:59,-07:00,2025-04-25T22:16:59-07:00,0,0
global.js,68,js,57e0f836,Dylan-Vo05,2025-04-25,22:16:59,-07:00,2025-04-25T22:16:59-07:00,0,37
global.js,69,js,57e0f836,Dylan-Vo05,2025-04-25,22:16:59,-07:00,2025-04-25T22:16:59-07:00,0,4
global.js,70,js,57e0f836,Dylan-Vo05,2025-04-25,22:16:59,-07:00,2025-04-25T22:16:59-07:00,0,40
global.js,71,js,57e0f836,Dylan-Vo05,2025-04-25,22:16:59,-07:00,2025-04-25T22:16:59-07:00,0,33
global.js,72,js,57e0f836,Dylan-Vo05,2025-04-25,22:16:59,-07:00,2025-04-25T22:16:59-07:00,0,18
global.js,73,js,57e0f836,Dylan-Vo05,2025-04-25,22:16:59,-07:00,2025-04-25T22:16:59-07:00,0,67
global.js,74,js,57e0f836,Dylan-Vo05,2025-04-25,22:16:59,-07:00,2025-04-25T22:16:59-07:00,0,0
global.js,75,js,57e0f836,Dylan-Vo05,2025-04-25,22:16:59,-07:00,2025-04-25T22:16:59-07:00,0,34
global.js,76,js,57e0f836,Dylan-Vo05,2025-04-25,22:16:59,-07:00,2025-04-25T22:16:59-07:00,0,11
global.js,77,js,57e0f836,Dylan-Vo05,2025-04-25,22:16:59,-07:00,2025-04-25T22:16:59-07:00,0,16
global.js,78,js,57e0f836,Dylan-Vo05,2025-04-25,22:16:59,-07:00,2025-04-25T22:16:59-07:00,0,60
global.js,79,js,57e0f836,Dylan-Vo05,2025-04-25,22:16:59,-07:00,2025-04-25T22:16:59-07:00,0,0
global.js,80,js,1babaa38,Dylan-Vo05,2025-04-25,23:49:30,-07:00,2025-04-25T23:49:30-07:00,0,0
global.js,81,js,1babaa38,Dylan-Vo05,2025-04-25,23:49:30,-07:00,2025-04-25T23:49:30-07:00,0,0
global.js,82,js,1babaa38,Dylan-Vo05,2025-04-25,23:49:30,-07:00,2025-04-25T23:49:30-07:00,0,80
global.js,83,js,1babaa38,Dylan-Vo05,2025-04-25,23:49:30,-07:00,2025-04-25T23:49:30-07:00,0,31
global.js,84,js,1babaa38,Dylan-Vo05,2025-04-25,23:49:30,-07:00,2025-04-25T23:49:30-07:00,0,0
global.js,85,js,1babaa38,Dylan-Vo05,2025-04-25,23:49:30,-07:00,2025-04-25T23:49:30-07:00,0,30
global.js,86,js,1babaa38,Dylan-Vo05,2025-04-25,23:49:30,-07:00,2025-04-25T23:49:30-07:00,0,49
global.js,87,js,1babaa38,Dylan-Vo05,2025-04-25,23:49:30,-07:00,2025-04-25T23:49:30-07:00,0,20
global.js,88,js,1babaa38,Dylan-Vo05,2025-04-25,23:49:30,-07:00,2025-04-25T23:49:30-07:00,0,50
global.js,89,js,1babaa38,Dylan-Vo05,2025-04-25,23:49:30,-07:00,2025-04-25T23:49:30-07:00,0,50
global.js,90,js,e52c287f,Dylan-Vo05,2025-05-02,23:44:50,-07:00,2025-05-02T23:44:50-07:00,0,29
global.js,91,js,e52c287f,Dylan-Vo05,2025-05-02,23:44:50,-07:00,2025-05-02T23:44:50-07:00,0,33
global.js,92,js,1babaa38,Dylan-Vo05,2025-04-25,23:49:30,-07:00,2025-04-25T23:49:30-07:00,0,1
global.js,93,js,1babaa38,Dylan-Vo05,2025-04-25,23:49:30,-07:00,2025-04-25T23:49:30-07:00,0,37
global.js,94,js,1babaa38,Dylan-Vo05,2025-04-25,23:49:30,-07:00,2025-04-25T23:49:30-07:00,0,2
global.js,95,js,1babaa38,Dylan-Vo05,2025-04-25,23:49:30,-07:00,2025-04-25T23:49:30-07:00,0,0
global.js,96,js,1babaa38,Dylan-Vo05,2025-04-25,23:49:30,-07:00,2025-04-25T23:49:30-07:00,0,0
global.js,97,js,1babaa38,Dylan-Vo05,2025-04-25,23:49:30,-07:00,2025-04-25T23:49:30-07:00,0,48
global.js,98,js,1babaa38,Dylan-Vo05,2025-04-25,23:49:30,-07:00,2025-04-25T23:49:30-07:00,0,60
global.js,99,js,57e0f836,Dylan-Vo05,2025-04-25,22:16:59,-07:00,2025-04-25T22:16:59-07:00,0,0
resume\index.html,1,html,585f2cbf,Dylan-Vo05,2025-04-04,21:09:47,-07:00,2025-04-04T21:09:47-07:00,0,14
resume\index.html,2,html,585f2cbf,Dylan-Vo05,2025-04-04,21:09:47,-07:00,2025-04-04T21:09:47-07:00,0,15
resume\index.html,3,html,585f2cbf,Dylan-Vo05,2025-04-04,21:09:47,-07:00,2025-04-04T21:09:47-07:00,0,5
resume\index.html,4,html,585f2cbf,Dylan-Vo05,2025-04-04,21:09:47,-07:00,2025-04-04T21:09:47-07:00,0,21
resume\index.html,5,html,585f2cbf,Dylan-Vo05,2025-04-04,21:09:47,-07:00,2025-04-04T21:09:47-07:00,0,69
resume\index.html,6,html,585f2cbf,Dylan-Vo05,2025-04-04,21:09:47,-07:00,2025-04-04T21:09:47-07:00,0,20
resume\index.html,7,html,be166b3d,Dylan-Vo05,2025-04-11,21:01:18,-07:00,2025-04-11T21:01:18-07:00,0,42
resume\index.html,8,html,e6686c63,Dylan-Vo05,2025-04-18,06:10:40,-07:00,2025-04-18T06:10:40-07:00,0,49
resume\index.html,9,html,585f2cbf,Dylan-Vo05,2025-04-04,21:09:47,-07:00,2025-04-04T21:09:47-07:00,0,6
resume\index.html,10,html,585f2cbf,Dylan-Vo05,2025-04-04,21:09:47,-07:00,2025-04-04T21:09:47-07:00,0,0
resume\index.html,11,html,585f2cbf,Dylan-Vo05,2025-04-04,21:09:47,-07:00,2025-04-04T21:09:47-07:00,0,5
resume\index.html,12,html,585f2cbf,Dylan-Vo05,2025-04-04,21:09:47,-07:00,2025-04-04T21:09:47-07:00,0,8
resume\index.html,13,html,585f2cbf,Dylan-Vo05,2025-04-04,21:09:47,-07:00,2025-04-04T21:09:47-07:00,0,16
resume\index.html,14,html,585f2cbf,Dylan-Vo05,2025-04-04,21:09:47,-07:00,2025-04-04T21:09:47-07:00,0,49
resume\index.html,15,html,7044168d,Dylan-Vo05,2025-04-11,23:57:14,-07:00,2025-04-11T23:57:14-07:00,0,29
resume\index.html,16,html,7044168d,Dylan-Vo05,2025-04-11,23:57:14,-07:00,2025-04-11T23:57:14-07:00,0,6
resume\index.html,17,html,7044168d,Dylan-Vo05,2025-04-11,23:57:14,-07:00,2025-04-11T23:57:14-07:00,0,19
resume\index.html,18,html,7044168d,Dylan-Vo05,2025-04-11,23:57:14,-07:00,2025-04-11T23:57:14-07:00,0,29
resume\index.html,19,html,7044168d,Dylan-Vo05,2025-04-11,23:57:14,-07:00,2025-04-11T23:57:14-07:00,0,7
resume\index.html,20,html,7044168d,Dylan-Vo05,2025-04-11,23:57:14,-07:00,2025-04-11T23:57:14-07:00,0,0
resume\index.html,21,html,7044168d,Dylan-Vo05,2025-04-11,23:57:14,-07:00,2025-04-11T23:57:14-07:00,0,6
resume\index.html,22,html,7044168d,Dylan-Vo05,2025-04-11,23:57:14,-07:00,2025-04-11T23:57:14-07:00,0,18
resume\index.html,23,html,7044168d,Dylan-Vo05,2025-04-11,23:57:14,-07:00,2025-04-11T23:57:14-07:00,0,65
resume\index.html,24,html,7044168d,Dylan-Vo05,2025-04-11,23:57:14,-07:00,2025-04-11T23:57:14-07:00,0,7
resume\index.html,25,html,7044168d,Dylan-Vo05,2025-04-11,23:57:14,-07:00,2025-04-11T23:57:14-07:00,0,0
resume\index.html,26,html,7044168d,Dylan-Vo05,2025-04-11,23:57:14,-07:00,2025-04-11T23:57:14-07:00,0,6
resume\index.html,27,html,7044168d,Dylan-Vo05,2025-04-11,23:57:14,-07:00,2025-04-11T23:57:14-07:00,0,20
resume\index.html,28,html,7044168d,Dylan-Vo05,2025-04-11,23:57:14,-07:00,2025-04-11T23:57:14-07:00,0,53
resume\index.html,29,html,7044168d,Dylan-Vo05,2025-04-11,23:57:14,-07:00,2025-04-11T23:57:14-07:00,0,7
resume\index.html,30,html,7044168d,Dylan-Vo05,2025-04-11,23:57:14,-07:00,2025-04-11T23:57:14-07:00,0,5
resume\index.html,31,html,585f2cbf,Dylan-Vo05,2025-04-04,21:09:47,-07:00,2025-04-04T21:09:47-07:00,0,9
resume\index.html,32,html,585f2cbf,Dylan-Vo05,2025-04-04,21:09:47,-07:00,2025-04-04T21:09:47-07:00,0,0
resume\index.html,33,html,585f2cbf,Dylan-Vo05,2025-04-04,21:09:47,-07:00,2025-04-04T21:09:47-07:00,0,8
resume\index.html,34,html,585f2cbf,Dylan-Vo05,2025-04-04,21:09:47,-07:00,2025-04-04T21:09:47-07:00,0,15
resume\index.html,35,html,585f2cbf,Dylan-Vo05,2025-04-04,21:09:47,-07:00,2025-04-04T21:09:47-07:00,0,511
resume\index.html,36,html,585f2cbf,Dylan-Vo05,2025-04-04,21:09:47,-07:00,2025-04-04T21:09:47-07:00,0,9
resume\index.html,37,html,585f2cbf,Dylan-Vo05,2025-04-04,21:09:47,-07:00,2025-04-04T21:09:47-07:00,0,0
resume\index.html,38,html,585f2cbf,Dylan-Vo05,2025-04-04,21:09:47,-07:00,2025-04-04T21:09:47-07:00,0,8
resume\index.html,39,html,585f2cbf,Dylan-Vo05,2025-04-04,21:09:47,-07:00,2025-04-04T21:09:47-07:00,0,17
resume\index.html,40,html,585f2cbf,Dylan-Vo05,2025-04-04,21:09:47,-07:00,2025-04-04T21:09:47-07:00,0,32
resume\index.html,41,html,585f2cbf,Dylan-Vo05,2025-04-04,21:09:47,-07:00,2025-04-04T21:09:47-07:00,0,3
resume\index.html,42,html,7044168d,Dylan-Vo05,2025-04-11,23:57:14,-07:00,2025-04-11T23:57:14-07:00,0,38
resume\index.html,43,html,585f2cbf,Dylan-Vo05,2025-04-04,21:09:47,-07:00,2025-04-04T21:09:47-07:00,0,38
resume\index.html,44,html,585f2cbf,Dylan-Vo05,2025-04-04,21:09:47,-07:00,2025-04-04T21:09:47-07:00,0,3
resume\index.html,45,html,585f2cbf,Dylan-Vo05,2025-04-04,21:09:47,-07:00,2025-04-04T21:09:47-07:00,0,17
resume\index.html,46,html,585f2cbf,Dylan-Vo05,2025-04-04,21:09:47,-07:00,2025-04-04T21:09:47-07:00,0,23
resume\index.html,47,html,585f2cbf,Dylan-Vo05,2025-04-04,21:09:47,-07:00,2025-04-04T21:09:47-07:00,0,3
resume\index.html,48,html,585f2cbf,Dylan-Vo05,2025-04-04,21:09:47,-07:00,2025-04-04T21:09:47-07:00,0,29
resume\index.html,49,html,585f2cbf,Dylan-Vo05,2025-04-04,21:09:47,-07:00,2025-04-04T21:09:47-07:00,0,35
resume\index.html,50,html,585f2cbf,Dylan-Vo05,2025-04-04,21:09:47,-07:00,2025-04-04T21:09:47-07:00,0,34
resume\index.html,51,html,585f2cbf,Dylan-Vo05,2025-04-04,21:09:47,-07:00,2025-04-04T21:09:47-07:00,0,47
resume\index.html,52,html,585f2cbf,Dylan-Vo05,2025-04-04,21:09:47,-07:00,2025-04-04T21:09:47-07:00,0,37
resume\index.html,53,html,585f2cbf,Dylan-Vo05,2025-04-04,21:09:47,-07:00,2025-04-04T21:09:47-07:00,0,32
resume\index.html,54,html,585f2cbf,Dylan-Vo05,2025-04-04,21:09:47,-07:00,2025-04-04T21:09:47-07:00,0,4
resume\index.html,55,html,585f2cbf,Dylan-Vo05,2025-04-04,21:09:47,-07:00,2025-04-04T21:09:47-07:00,0,4
resume\index.html,56,html,585f2cbf,Dylan-Vo05,2025-04-04,21:09:47,-07:00,2025-04-04T21:09:47-07:00,0,4
resume\index.html,57,html,585f2cbf,Dylan-Vo05,2025-04-04,21:09:47,-07:00,2025-04-04T21:09:47-07:00,0,4
resume\index.html,58,html,585f2cbf,Dylan-Vo05,2025-04-04,21:09:47,-07:00,2025-04-04T21:09:47-07:00,0,4
resume\index.html,59,html,585f2cbf,Dylan-Vo05,2025-04-04,21:09:47,-07:00,2025-04-04T21:09:47-07:00,0,9
resume\index.html,60,html,585f2cbf,Dylan-Vo05,2025-04-04,21:09:47,-07:00,2025-04-04T21:09:47-07:00,0,0
resume\index.html,61,html,585f2cbf,Dylan-Vo05,2025-04-04,21:09:47,-07:00,2025-04-04T21:09:47-07:00,0,8
resume\index.html,62,html,585f2cbf,Dylan-Vo05,2025-04-04,21:09:47,-07:00,2025-04-04T21:09:47-07:00,0,14
resume\index.html,63,html,585f2cbf,Dylan-Vo05,2025-04-04,21:09:47,-07:00,2025-04-04T21:09:47-07:00,0,3
resume\index.html,64,html,585f2cbf,Dylan-Vo05,2025-04-04,21:09:47,-07:00,2025-04-04T21:09:47-07:00,0,12
resume\index.html,65,html,585f2cbf,Dylan-Vo05,2025-04-04,21:09:47,-07:00,2025-04-04T21:09:47-07:00,0,52
resume\index.html,66,html,585f2cbf,Dylan-Vo05,2025-04-04,21:09:47,-07:00,2025-04-04T21:09:47-07:00,0,11
resume\index.html,67,html,585f2cbf,Dylan-Vo05,2025-04-04,21:09:47,-07:00,2025-04-04T21:09:47-07:00,0,56
resume\index.html,68,html,585f2cbf,Dylan-Vo05,2025-04-04,21:09:47,-07:00,2025-04-04T21:09:47-07:00,0,101
resume\index.html,69,html,585f2cbf,Dylan-Vo05,2025-04-04,21:09:47,-07:00,2025-04-04T21:09:47-07:00,0,68
resume\index.html,70,html,585f2cbf,Dylan-Vo05,2025-04-04,21:09:47,-07:00,2025-04-04T21:09:47-07:00,0,78
resume\index.html,71,html,585f2cbf,Dylan-Vo05,2025-04-04,21:09:47,-07:00,2025-04-04T21:09:47-07:00,0,64
resume\index.html,72,html,585f2cbf,Dylan-Vo05,2025-04-04,21:09:47,-07:00,2025-04-04T21:09:47-07:00,0,42
resume\index.html,73,html,585f2cbf,Dylan-Vo05,2025-04-04,21:09:47,-07:00,2025-04-04T21:09:47-07:00,0,53
resume\index.html,74,html,585f2cbf,Dylan-Vo05,2025-04-04,21:09:47,-07:00,2025-04-04T21:09:47-07:00,0,4
resume\index.html,75,html,585f2cbf,Dylan-Vo05,2025-04-04,21:09:47,-07:00,2025-04-04T21:09:47-07:00,0,9
resume\index.html,76,html,585f2cbf,Dylan-Vo05,2025-04-04,21:09:47,-07:00,2025-04-04T21:09:47-07:00,0,0
resume\index.html,77,html,585f2cbf,Dylan-Vo05,2025-04-04,21:09:47,-07:00,2025-04-04T21:09:47-07:00,0,8
resume\index.html,78,html,585f2cbf,Dylan-Vo05,2025-04-04,21:09:47,-07:00,2025-04-04T21:09:47-07:00,0,25
resume\index.html,79,html,7044168d,Dylan-Vo05,2025-04-11,23:57:14,-07:00,2025-04-11T23:57:14-07:00,0,28
resume\index.html,80,html,7044168d,Dylan-Vo05,2025-04-11,23:57:14,-07:00,2025-04-11T23:57:14-07:00,0,8
resume\index.html,81,html,7044168d,Dylan-Vo05,2025-04-11,23:57:14,-07:00,2025-04-11T23:57:14-07:00,0,29
resume\index.html,82,html,7044168d,Dylan-Vo05,2025-04-11,23:57:14,-07:00,2025-04-11T23:57:14-07:00,0,3
resume\index.html,83,html,7044168d,Dylan-Vo05,2025-04-11,23:57:14,-07:00,2025-04-11T23:57:14-07:00,0,160
resume\index.html,84,html,7044168d,Dylan-Vo05,2025-04-11,23:57:14,-07:00,2025-04-11T23:57:14-07:00,0,63
resume\index.html,85,html,7044168d,Dylan-Vo05,2025-04-11,23:57:14,-07:00,2025-04-11T23:57:14-07:00,0,154
resume\index.html,86,html,7044168d,Dylan-Vo05,2025-04-11,23:57:14,-07:00,2025-04-11T23:57:14-07:00,0,4
resume\index.html,87,html,7044168d,Dylan-Vo05,2025-04-11,23:57:14,-07:00,2025-04-11T23:57:14-07:00,0,33
resume\index.html,88,html,7044168d,Dylan-Vo05,2025-04-11,23:57:14,-07:00,2025-04-11T23:57:14-07:00,0,3
resume\index.html,89,html,7044168d,Dylan-Vo05,2025-04-11,23:57:14,-07:00,2025-04-11T23:57:14-07:00,0,63
resume\index.html,90,html,7044168d,Dylan-Vo05,2025-04-11,23:57:14,-07:00,2025-04-11T23:57:14-07:00,0,76
resume\index.html,91,html,7044168d,Dylan-Vo05,2025-04-11,23:57:14,-07:00,2025-04-11T23:57:14-07:00,0,121
resume\index.html,92,html,7044168d,Dylan-Vo05,2025-04-11,23:57:14,-07:00,2025-04-11T23:57:14-07:00,0,4
resume\index.html,93,html,7044168d,Dylan-Vo05,2025-04-11,23:57:14,-07:00,2025-04-11T23:57:14-07:00,0,36
resume\index.html,94,html,7044168d,Dylan-Vo05,2025-04-11,23:57:14,-07:00,2025-04-11T23:57:14-07:00,0,3
resume\index.html,95,html,7044168d,Dylan-Vo05,2025-04-11,23:57:14,-07:00,2025-04-11T23:57:14-07:00,0,46
resume\index.html,96,html,7044168d,Dylan-Vo05,2025-04-11,23:57:14,-07:00,2025-04-11T23:57:14-07:00,0,159
resume\index.html,97,html,7044168d,Dylan-Vo05,2025-04-11,23:57:14,-07:00,2025-04-11T23:57:14-07:00,0,151
resume\index.html,98,html,7044168d,Dylan-Vo05,2025-04-11,23:57:14,-07:00,2025-04-11T23:57:14-07:00,0,138
resume\index.html,99,html,7044168d,Dylan-Vo05,2025-04-11,23:57:14,-07:00,2025-04-11T23:57:14-07:00,0,4
resume\index.html,100,html,7044168d,Dylan-Vo05,2025-04-11,23:57:14,-07:00,2025-04-11T23:57:14-07:00,0,9
resume\index.html,101,html,7044168d,Dylan-Vo05,2025-04-11,23:57:14,-07:00,2025-04-11T23:57:14-07:00,0,5
resume\index.html,102,html,585f2cbf,Dylan-Vo05,2025-04-04,21:09:47,-07:00,2025-04-04T21:09:47-07:00,0,9
resume\index.html,103,html,5e8c6500,Dylan-Vo05,2025-04-04,21:16:47,-07:00,2025-04-04T21:16:47-07:00,0,0
resume\index.html,104,html,585f2cbf,Dylan-Vo05,2025-04-04,21:09:47,-07:00,2025-04-04T21:09:47-07:00,0,6
resume\index.html,105,html,585f2cbf,Dylan-Vo05,2025-04-04,21:09:47,-07:00,2025-04-04T21:09:47-07:00,0,6
projects\projects.js,1,js,57e0f836,Dylan-Vo05,2025-04-25,22:16:59,-07:00,2025-04-25T22:16:59-07:00,0,56
projects\projects.js,2,js,e52c287f,Dylan-Vo05,2025-05-02,23:44:50,-07:00,2025-05-02T23:44:50-07:00,0,64
projects\projects.js,3,js,57e0f836,Dylan-Vo05,2025-04-25,22:16:59,-07:00,2025-04-25T22:16:59-07:00,0,0
projects\projects.js,4,js,c8dd9089,Dylan-Vo05,2025-05-02,23:54:02,-07:00,2025-05-02T23:54:02-07:00,0,58
projects\projects.js,5,js,c8dd9089,Dylan-Vo05,2025-05-02,23:54:02,-07:00,2025-05-02T23:54:02-07:00,0,0
projects\projects.js,6,js,57e0f836,Dylan-Vo05,2025-04-25,22:16:59,-07:00,2025-04-25T22:16:59-07:00,0,56
projects\projects.js,7,js,57e0f836,Dylan-Vo05,2025-04-25,22:16:59,-07:00,2025-04-25T22:16:59-07:00,0,61
projects\projects.js,8,js,1babaa38,Dylan-Vo05,2025-04-25,23:49:30,-07:00,2025-04-25T23:49:30-07:00,0,62
projects\projects.js,9,js,57e0f836,Dylan-Vo05,2025-04-25,22:16:59,-07:00,2025-04-25T22:16:59-07:00,0,0
projects\projects.js,10,js,57e0f836,Dylan-Vo05,2025-04-25,22:16:59,-07:00,2025-04-25T22:16:59-07:00,0,49
projects\projects.js,11,js,57e0f836,Dylan-Vo05,2025-04-25,22:16:59,-07:00,2025-04-25T22:16:59-07:00,0,0
projects\projects.js,12,js,1babaa38,Dylan-Vo05,2025-04-25,23:49:30,-07:00,2025-04-25T23:49:30-07:00,0,30
projects\projects.js,13,js,1babaa38,Dylan-Vo05,2025-04-25,23:49:30,-07:00,2025-04-25T23:49:30-07:00,0,56
projects\projects.js,14,js,e52c287f,Dylan-Vo05,2025-05-02,23:44:50,-07:00,2025-05-02T23:44:50-07:00,0,0
projects\projects.js,15,js,e52c287f,Dylan-Vo05,2025-05-02,23:44:50,-07:00,2025-05-02T23:44:50-07:00,0,0
projects\projects.js,16,js,e52c287f,Dylan-Vo05,2025-05-02,23:44:50,-07:00,2025-05-02T23:44:50-07:00,0,22
projects\projects.js,17,js,e52c287f,Dylan-Vo05,2025-05-02,23:44:50,-07:00,2025-05-02T23:44:50-07:00,0,0
projects\projects.js,18,js,e52c287f,Dylan-Vo05,2025-05-02,23:44:50,-07:00,2025-05-02T23:44:50-07:00,0,26
projects\projects.js,19,js,e52c287f,Dylan-Vo05,2025-05-02,23:44:50,-07:00,2025-05-02T23:44:50-07:00,0,0
projects\projects.js,20,js,e52c287f,Dylan-Vo05,2025-05-02,23:44:50,-07:00,2025-05-02T23:44:50-07:00,0,57
projects\projects.js,21,js,e52c287f,Dylan-Vo05,2025-05-02,23:44:50,-07:00,2025-05-02T23:44:50-07:00,0,39
projects\projects.js,22,js,e52c287f,Dylan-Vo05,2025-05-02,23:44:50,-07:00,2025-05-02T23:44:50-07:00,0,26
projects\projects.js,23,js,e52c287f,Dylan-Vo05,2025-05-02,23:44:50,-07:00,2025-05-02T23:44:50-07:00,0,27
projects\projects.js,24,js,e52c287f,Dylan-Vo05,2025-05-02,23:44:50,-07:00,2025-05-02T23:44:50-07:00,0,13
projects\projects.js,25,js,e52c287f,Dylan-Vo05,2025-05-02,23:44:50,-07:00,2025-05-02T23:44:50-07:00,0,15
projects\projects.js,26,js,e52c287f,Dylan-Vo05,2025-05-02,23:44:50,-07:00,2025-05-02T23:44:50-07:00,0,13
projects\projects.js,27,js,e52c287f,Dylan-Vo05,2025-05-02,23:44:50,-07:00,2025-05-02T23:44:50-07:00,0,1
projects\projects.js,28,js,e52c287f,Dylan-Vo05,2025-05-02,23:44:50,-07:00,2025-05-02T23:44:50-07:00,0,0
projects\projects.js,29,js,e52c287f,Dylan-Vo05,2025-05-02,23:44:50,-07:00,2025-05-02T23:44:50-07:00,0,19
projects\projects.js,30,js,e52c287f,Dylan-Vo05,2025-05-02,23:44:50,-07:00,2025-05-02T23:44:50-07:00,0,45
projects\projects.js,31,js,e52c287f,Dylan-Vo05,2025-05-02,23:44:50,-07:00,2025-05-02T23:44:50-07:00,0,36
projects\projects.js,32,js,e52c287f,Dylan-Vo05,2025-05-02,23:44:50,-07:00,2025-05-02T23:44:50-07:00,0,2
projects\projects.js,33,js,e52c287f,Dylan-Vo05,2025-05-02,23:44:50,-07:00,2025-05-02T23:44:50-07:00,0,0
projects\projects.js,34,js,e52c287f,Dylan-Vo05,2025-05-02,23:44:50,-07:00,2025-05-02T23:44:50-07:00,0,51
projects\projects.js,35,js,e52c287f,Dylan-Vo05,2025-05-02,23:44:50,-07:00,2025-05-02T23:44:50-07:00,0,51
projects\projects.js,36,js,e52c287f,Dylan-Vo05,2025-05-02,23:44:50,-07:00,2025-05-02T23:44:50-07:00,0,58
projects\projects.js,37,js,e52c287f,Dylan-Vo05,2025-05-02,23:44:50,-07:00,2025-05-02T23:44:50-07:00,0,34
projects\projects.js,38,js,e52c287f,Dylan-Vo05,2025-05-02,23:44:50,-07:00,2025-05-02T23:44:50-07:00,0,46
projects\projects.js,39,js,e52c287f,Dylan-Vo05,2025-05-02,23:44:50,-07:00,2025-05-02T23:44:50-07:00,0,48
projects\projects.js,40,js,e52c287f,Dylan-Vo05,2025-05-02,23:44:50,-07:00,2025-05-02T23:44:50-07:00,0,0
projects\projects.js,41,js,e52c287f,Dylan-Vo05,2025-05-02,23:44:50,-07:00,2025-05-02T23:44:50-07:00,0,51
projects\projects.js,42,js,e52c287f,Dylan-Vo05,2025-05-02,23:44:50,-07:00,2025-05-02T23:44:50-07:00,0,30
projects\projects.js,43,js,e52c287f,Dylan-Vo05,2025-05-02,23:44:50,-07:00,2025-05-02T23:44:50-07:00,0,45
projects\projects.js,44,js,e52c287f,Dylan-Vo05,2025-05-02,23:44:50,-07:00,2025-05-02T23:44:50-07:00,0,0
projects\projects.js,45,js,e52c287f,Dylan-Vo05,2025-05-02,23:44:50,-07:00,2025-05-02T23:44:50-07:00,0,24
projects\projects.js,46,js,e52c287f,Dylan-Vo05,2025-05-02,23:44:50,-07:00,2025-05-02T23:44:50-07:00,0,27
projects\projects.js,47,js,e52c287f,Dylan-Vo05,2025-05-02,23:44:50,-07:00,2025-05-02T23:44:50-07:00,0,2
projects\projects.js,48,js,e52c287f,Dylan-Vo05,2025-05-02,23:44:50,-07:00,2025-05-02T23:44:50-07:00,0,14
projects\projects.js,49,js,e52c287f,Dylan-Vo05,2025-05-02,23:44:50,-07:00,2025-05-02T23:44:50-07:00,0,14
projects\projects.js,50,js,e52c287f,Dylan-Vo05,2025-05-02,23:44:50,-07:00,2025-05-02T23:44:50-07:00,0,25
projects\projects.js,51,js,e52c287f,Dylan-Vo05,2025-05-02,23:44:50,-07:00,2025-05-02T23:44:50-07:00,0,19
projects\projects.js,52,js,e52c287f,Dylan-Vo05,2025-05-02,23:44:50,-07:00,2025-05-02T23:44:50-07:00,0,41
projects\projects.js,53,js,e52c287f,Dylan-Vo05,2025-05-02,23:44:50,-07:00,2025-05-02T23:44:50-07:00,0,48
projects\projects.js,54,js,e52c287f,Dylan-Vo05,2025-05-02,23:44:50,-07:00,2025-05-02T23:44:50-07:00,0,0
projects\projects.js,55,js,e52c287f,Dylan-Vo05,2025-05-02,23:44:50,-07:00,2025-05-02T23:44:50-07:00,0,47
projects\projects.js,56,js,e52c287f,Dylan-Vo05,2025-05-02,23:44:50,-07:00,2025-05-02T23:44:50-07:00,0,20
projects\projects.js,57,js,e52c287f,Dylan-Vo05,2025-05-02,23:44:50,-07:00,2025-05-02T23:44:50-07:00,0,74
projects\projects.js,58,js,e52c287f,Dylan-Vo05,2025-05-02,23:44:50,-07:00,2025-05-02T23:44:50-07:00,0,0
projects\projects.js,59,js,e52c287f,Dylan-Vo05,2025-05-02,23:44:50,-07:00,2025-05-02T23:44:50-07:00,0,37
projects\projects.js,60,js,e52c287f,Dylan-Vo05,2025-05-02,23:44:50,-07:00,2025-05-02T23:44:50-07:00,0,19
projects\projects.js,61,js,e52c287f,Dylan-Vo05,2025-05-02,23:44:50,-07:00,2025-05-02T23:44:50-07:00,0,15
projects\projects.js,62,js,e52c287f,Dylan-Vo05,2025-05-02,23:44:50,-07:00,2025-05-02T23:44:50-07:00,0,77
projects\projects.js,63,js,e52c287f,Dylan-Vo05,2025-05-02,23:44:50,-07:00,2025-05-02T23:44:50-07:00,0,0
projects\projects.js,64,js,e52c287f,Dylan-Vo05,2025-05-02,23:44:50,-07:00,2025-05-02T23:44:50-07:00,0,45
projects\projects.js,65,js,e52c287f,Dylan-Vo05,2025-05-02,23:44:50,-07:00,2025-05-02T23:44:50-07:00,0,26
projects\projects.js,66,js,e52c287f,Dylan-Vo05,2025-05-02,23:44:50,-07:00,2025-05-02T23:44:50-07:00,0,49
projects\projects.js,67,js,e52c287f,Dylan-Vo05,2025-05-02,23:44:50,-07:00,2025-05-02T23:44:50-07:00,0,7
projects\projects.js,68,js,e52c287f,Dylan-Vo05,2025-05-02,23:44:50,-07:00,2025-05-02T23:44:50-07:00,0,45
projects\projects.js,69,js,e52c287f,Dylan-Vo05,2025-05-02,23:44:50,-07:00,2025-05-02T23:44:50-07:00,0,0
projects\projects.js,70,js,e52c287f,Dylan-Vo05,2025-05-02,23:44:50,-07:00,2025-05-02T23:44:50-07:00,0,49
projects\projects.js,71,js,e52c287f,Dylan-Vo05,2025-05-02,23:44:50,-07:00,2025-05-02T23:44:50-07:00,0,81
projects\projects.js,72,js,e52c287f,Dylan-Vo05,2025-05-02,23:44:50,-07:00,2025-05-02T23:44:50-07:00,0,0
projects\projects.js,73,js,e52c287f,Dylan-Vo05,2025-05-02,23:44:50,-07:00,2025-05-02T23:44:50-07:00,0,26
projects\projects.js,74,js,e52c287f,Dylan-Vo05,2025-05-02,23:44:50,-07:00,2025-05-02T23:44:50-07:00,0,57
projects\projects.js,75,js,e52c287f,Dylan-Vo05,2025-05-02,23:44:50,-07:00,2025-05-02T23:44:50-07:00,0,0
projects\projects.js,76,js,e52c287f,Dylan-Vo05,2025-05-02,23:44:50,-07:00,2025-05-02T23:44:50-07:00,0,2
projects\projects.js,77,js,e52c287f,Dylan-Vo05,2025-05-02,23:44:50,-07:00,2025-05-02T23:44:50-07:00,0,2
projects\projects.js,78,js,e52c287f,Dylan-Vo05,2025-05-02,23:44:50,-07:00,2025-05-02T23:44:50-07:00,0,0
projects\projects.js,79,js,e52c287f,Dylan-Vo05,2025-05-02,23:44:50,-07:00,2025-05-02T23:44:50-07:00,0,15
projects\projects.js,80,js,e52c287f,Dylan-Vo05,2025-05-02,23:44:50,-07:00,2025-05-02T23:44:50-07:00,0,33
projects\projects.js,81,js,e52c287f,Dylan-Vo05,2025-05-02,23:44:50,-07:00,2025-05-02T23:44:50-07:00,0,25
projects\projects.js,82,js,e52c287f,Dylan-Vo05,2025-05-02,23:44:50,-07:00,2025-05-02T23:44:50-07:00,0,5
projects\projects.js,83,js,e52c287f,Dylan-Vo05,2025-05-02,23:44:50,-07:00,2025-05-02T23:44:50-07:00,0,12
projects\projects.js,84,js,e52c287f,Dylan-Vo05,2025-05-02,23:44:50,-07:00,2025-05-02T23:44:50-07:00,0,39
projects\projects.js,85,js,e52c287f,Dylan-Vo05,2025-05-02,23:44:50,-07:00,2025-05-02T23:44:50-07:00,0,29
projects\projects.js,86,js,e52c287f,Dylan-Vo05,2025-05-02,23:44:50,-07:00,2025-05-02T23:44:50-07:00,0,70
projects\projects.js,87,js,e52c287f,Dylan-Vo05,2025-05-02,23:44:50,-07:00,2025-05-02T23:44:50-07:00,0,2
projects\projects.js,88,js,e52c287f,Dylan-Vo05,2025-05-02,23:44:50,-07:00,2025-05-02T23:44:50-07:00,0,0
projects\projects.js,89,js,e52c287f,Dylan-Vo05,2025-05-02,23:44:50,-07:00,2025-05-02T23:44:50-07:00,0,63
projects\projects.js,90,js,e52c287f,Dylan-Vo05,2025-05-02,23:44:50,-07:00,2025-05-02T23:44:50-07:00,0,5
projects\projects.js,91,js,e52c287f,Dylan-Vo05,2025-05-02,23:44:50,-07:00,2025-05-02T23:44:50-07:00,0,15
projects\projects.js,92,js,e52c287f,Dylan-Vo05,2025-05-02,23:44:50,-07:00,2025-05-02T23:44:50-07:00,0,81
projects\projects.js,93,js,e52c287f,Dylan-Vo05,2025-05-02,23:44:50,-07:00,2025-05-02T23:44:50-07:00,0,0
projects\projects.js,94,js,e52c287f,Dylan-Vo05,2025-05-02,23:44:50,-07:00,2025-05-02T23:44:50-07:00,0,0
projects\projects.js,95,js,e52c287f,Dylan-Vo05,2025-05-02,23:44:50,-07:00,2025-05-02T23:44:50-07:00,0,44
projects\projects.js,96,js,e52c287f,Dylan-Vo05,2025-05-02,23:44:50,-07:00,2025-05-02T23:44:50-07:00,0,24
projects\projects.js,97,js,e52c287f,Dylan-Vo05,2025-05-02,23:44:50,-07:00,2025-05-02T23:44:50-07:00,0,0
projects\projects.js,98,js,e52c287f,Dylan-Vo05,2025-05-02,23:44:50,-07:00,2025-05-02T23:44:50-07:00,0,40
projects\projects.js,99,js,e52c287f,Dylan-Vo05,2025-05-02,23:44:50,-07:00,2025-05-02T23:44:50-07:00,0,54
projects\projects.js,100,js,e52c287f,Dylan-Vo05,2025-05-02,23:44:50,-07:00,2025-05-02T23:44:50-07:00,0,50
projects\projects.js,101,js,e52c287f,Dylan-Vo05,2025-05-02,23:44:50,-07:00,2025-05-02T23:44:50-07:00,0,72
projects\projects.js,102,js,e52c287f,Dylan-Vo05,2025-05-02,23:44:50,-07:00,2025-05-02T23:44:50-07:00,0,0
projects\projects.js,103,js,e52c287f,Dylan-Vo05,2025-05-02,23:44:50,-07:00,2025-05-02T23:44:50-07:00,0,43
projects\projects.js,104,js,e52c287f,Dylan-Vo05,2025-05-02,23:44:50,-07:00,2025-05-02T23:44:50-07:00,0,52
projects\projects.js,105,js,e52c287f,Dylan-Vo05,2025-05-02,23:44:50,-07:00,2025-05-02T23:44:50-07:00,0,60
projects\projects.js,106,js,e52c287f,Dylan-Vo05,2025-05-02,23:44:50,-07:00,2025-05-02T23:44:50-07:00,0,63
projects\projects.js,107,js,e52c287f,Dylan-Vo05,2025-05-02,23:44:50,-07:00,2025-05-02T23:44:50-07:00,0,2
projects\projects.js,108,js,e52c287f,Dylan-Vo05,2025-05-02,23:44:50,-07:00,2025-05-02T23:44:50-07:00,0,0
projects\projects.js,109,js,e52c287f,Dylan-Vo05,2025-05-02,23:44:50,-07:00,2025-05-02T23:44:50-07:00,0,47
projects\projects.js,110,js,e52c287f,Dylan-Vo05,2025-05-02,23:44:50,-07:00,2025-05-02T23:44:50-07:00,0,57
projects\projects.js,111,js,e52c287f,Dylan-Vo05,2025-05-02,23:44:50,-07:00,2025-05-02T23:44:50-07:00,0,82
projects\projects.js,112,js,c8dd9089,Dylan-Vo05,2025-05-02,23:54:02,-07:00,2025-05-02T23:54:02-07:00,0,2
projects\projects.js,113,js,e52c287f,Dylan-Vo05,2025-05-02,23:44:50,-07:00,2025-05-02T23:44:50-07:00,0,2
projects\index.html,1,html,b8aeb21f,Dylan-Vo05,2025-04-04,01:06:18,-07:00,2025-04-04T01:06:18-07:00,0,14
projects\index.html,2,html,b8aeb21f,Dylan-Vo05,2025-04-04,01:06:18,-07:00,2025-04-04T01:06:18-07:00,0,15
projects\index.html,3,html,b8aeb21f,Dylan-Vo05,2025-04-04,01:06:18,-07:00,2025-04-04T01:06:18-07:00,0,5
projects\index.html,4,html,b8aeb21f,Dylan-Vo05,2025-04-04,01:06:18,-07:00,2025-04-04T01:06:18-07:00,0,21
projects\index.html,5,html,b8aeb21f,Dylan-Vo05,2025-04-04,01:06:18,-07:00,2025-04-04T01:06:18-07:00,0,69
projects\index.html,6,html,b8aeb21f,Dylan-Vo05,2025-04-04,01:06:18,-07:00,2025-04-04T01:06:18-07:00,0,22
projects\index.html,7,html,be166b3d,Dylan-Vo05,2025-04-11,21:01:18,-07:00,2025-04-11T21:01:18-07:00,0,42
projects\index.html,8,html,e52c287f,Dylan-Vo05,2025-05-02,23:44:50,-07:00,2025-05-02T23:44:50-07:00,0,54
projects\index.html,9,html,b8aeb21f,Dylan-Vo05,2025-04-04,01:06:18,-07:00,2025-04-04T01:06:18-07:00,0,6
projects\index.html,10,html,be166b3d,Dylan-Vo05,2025-04-11,21:01:18,-07:00,2025-04-11T21:01:18-07:00,0,0
projects\index.html,11,html,b8aeb21f,Dylan-Vo05,2025-04-04,01:06:18,-07:00,2025-04-04T01:06:18-07:00,0,5
projects\index.html,12,html,1babaa38,Dylan-Vo05,2025-04-25,23:49:30,-07:00,2025-04-25T23:49:30-07:00,0,39
projects\index.html,13,html,e52c287f,Dylan-Vo05,2025-05-02,23:44:50,-07:00,2025-05-02T23:44:50-07:00,0,0
projects\index.html,14,html,e52c287f,Dylan-Vo05,2025-05-02,23:44:50,-07:00,2025-05-02T23:44:50-07:00,0,26
projects\index.html,15,html,e52c287f,Dylan-Vo05,2025-05-02,23:44:50,-07:00,2025-05-02T23:44:50-07:00,0,56
projects\index.html,16,html,e52c287f,Dylan-Vo05,2025-05-02,23:44:50,-07:00,2025-05-02T23:44:50-07:00,0,11
projects\index.html,17,html,e52c287f,Dylan-Vo05,2025-05-02,23:44:50,-07:00,2025-05-02T23:44:50-07:00,0,5
projects\index.html,18,html,e52c287f,Dylan-Vo05,2025-05-02,23:44:50,-07:00,2025-05-02T23:44:50-07:00,0,18
projects\index.html,19,html,e52c287f,Dylan-Vo05,2025-05-02,23:44:50,-07:00,2025-05-02T23:44:50-07:00,0,11
projects\index.html,20,html,e52c287f,Dylan-Vo05,2025-05-02,23:44:50,-07:00,2025-05-02T23:44:50-07:00,0,4
projects\index.html,21,html,e52c287f,Dylan-Vo05,2025-05-02,23:44:50,-07:00,2025-05-02T23:44:50-07:00,0,5
projects\index.html,22,html,e52c287f,Dylan-Vo05,2025-05-02,23:44:50,-07:00,2025-05-02T23:44:50-07:00,0,5
projects\index.html,23,html,e52c287f,Dylan-Vo05,2025-05-02,23:44:50,-07:00,2025-05-02T23:44:50-07:00,0,16
projects\index.html,24,html,e52c287f,Dylan-Vo05,2025-05-02,23:44:50,-07:00,2025-05-02T23:44:50-07:00,0,12
projects\index.html,25,html,e52c287f,Dylan-Vo05,2025-05-02,23:44:50,-07:00,2025-05-02T23:44:50-07:00,0,27
projects\index.html,26,html,e52c287f,Dylan-Vo05,2025-05-02,23:44:50,-07:00,2025-05-02T23:44:50-07:00,0,32
projects\index.html,27,html,e52c287f,Dylan-Vo05,2025-05-02,23:44:50,-07:00,2025-05-02T23:44:50-07:00,0,1
projects\index.html,28,html,e52c287f,Dylan-Vo05,2025-05-02,23:44:50,-07:00,2025-05-02T23:44:50-07:00,0,0
projects\index.html,29,html,e52c287f,Dylan-Vo05,2025-05-02,23:44:50,-07:00,2025-05-02T23:44:50-07:00,0,27
projects\index.html,30,html,57e0f836,Dylan-Vo05,2025-04-25,22:16:59,-07:00,2025-04-25T22:16:59-07:00,0,0
projects\index.html,31,html,57e0f836,Dylan-Vo05,2025-04-25,22:16:59,-07:00,2025-04-25T22:16:59-07:00,0,49
projects\index.html,32,html,57e0f836,Dylan-Vo05,2025-04-25,22:16:59,-07:00,2025-04-25T22:16:59-07:00,0,48
projects\index.html,33,html,b8aeb21f,Dylan-Vo05,2025-04-04,01:06:18,-07:00,2025-04-04T01:06:18-07:00,0,6
projects\index.html,34,html,b8aeb21f,Dylan-Vo05,2025-04-04,01:06:18,-07:00,2025-04-04T01:06:18-07:00,0,6
contact\index.html,1,html,bf7972e2,Dylan-Vo05,2025-04-04,01:03:10,-07:00,2025-04-04T01:03:10-07:00,0,14
contact\index.html,2,html,bf7972e2,Dylan-Vo05,2025-04-04,01:03:10,-07:00,2025-04-04T01:03:10-07:00,0,15
contact\index.html,3,html,bf7972e2,Dylan-Vo05,2025-04-04,01:03:10,-07:00,2025-04-04T01:03:10-07:00,0,5
contact\index.html,4,html,bf7972e2,Dylan-Vo05,2025-04-04,01:03:10,-07:00,2025-04-04T01:03:10-07:00,0,21
contact\index.html,5,html,bf7972e2,Dylan-Vo05,2025-04-04,01:03:10,-07:00,2025-04-04T01:03:10-07:00,0,69
contact\index.html,6,html,bf7972e2,Dylan-Vo05,2025-04-04,01:03:10,-07:00,2025-04-04T01:03:10-07:00,0,21
contact\index.html,7,html,be166b3d,Dylan-Vo05,2025-04-11,21:01:18,-07:00,2025-04-11T21:01:18-07:00,0,42
contact\index.html,8,html,e6686c63,Dylan-Vo05,2025-04-18,06:10:40,-07:00,2025-04-18T06:10:40-07:00,0,49
contact\index.html,9,html,bf7972e2,Dylan-Vo05,2025-04-04,01:03:10,-07:00,2025-04-04T01:03:10-07:00,0,6
contact\index.html,10,html,be166b3d,Dylan-Vo05,2025-04-11,21:01:18,-07:00,2025-04-11T21:01:18-07:00,0,0
contact\index.html,11,html,be166b3d,Dylan-Vo05,2025-04-11,21:01:18,-07:00,2025-04-11T21:01:18-07:00,0,0
contact\index.html,12,html,bf7972e2,Dylan-Vo05,2025-04-04,01:03:10,-07:00,2025-04-04T01:03:10-07:00,0,5
contact\index.html,13,html,bf7972e2,Dylan-Vo05,2025-04-04,01:03:10,-07:00,2025-04-04T01:03:10-07:00,0,20
contact\index.html,14,html,6bb94747,Dylan-Vo05,2025-04-04,14:18:23,-07:00,2025-04-04T14:18:23-07:00,0,0
contact\index.html,15,html,96a5c77f,Dylan-Vo05,2025-04-04,21:23:51,-07:00,2025-04-04T21:23:51-07:00,0,78
contact\index.html,16,html,7044168d,Dylan-Vo05,2025-04-11,23:57:14,-07:00,2025-04-11T23:57:14-07:00,0,6
contact\index.html,17,html,7044168d,Dylan-Vo05,2025-04-11,23:57:14,-07:00,2025-04-11T23:57:14-07:00,0,18
contact\index.html,18,html,7044168d,Dylan-Vo05,2025-04-11,23:57:14,-07:00,2025-04-11T23:57:14-07:00,0,32
contact\index.html,19,html,7044168d,Dylan-Vo05,2025-04-11,23:57:14,-07:00,2025-04-11T23:57:14-07:00,0,7
contact\index.html,20,html,7044168d,Dylan-Vo05,2025-04-11,23:57:14,-07:00,2025-04-11T23:57:14-07:00,0,0
contact\index.html,21,html,7044168d,Dylan-Vo05,2025-04-11,23:57:14,-07:00,2025-04-11T23:57:14-07:00,0,6
contact\index.html,22,html,7044168d,Dylan-Vo05,2025-04-11,23:57:14,-07:00,2025-04-11T23:57:14-07:00,0,20
contact\index.html,23,html,7044168d,Dylan-Vo05,2025-04-11,23:57:14,-07:00,2025-04-11T23:57:14-07:00,0,21
contact\index.html,24,html,7044168d,Dylan-Vo05,2025-04-11,23:57:14,-07:00,2025-04-11T23:57:14-07:00,0,7
contact\index.html,25,html,7044168d,Dylan-Vo05,2025-04-11,23:57:14,-07:00,2025-04-11T23:57:14-07:00,0,0
contact\index.html,26,html,7044168d,Dylan-Vo05,2025-04-11,23:57:14,-07:00,2025-04-11T23:57:14-07:00,0,6
contact\index.html,27,html,7044168d,Dylan-Vo05,2025-04-11,23:57:14,-07:00,2025-04-11T23:57:14-07:00,0,17
contact\index.html,28,html,7044168d,Dylan-Vo05,2025-04-11,23:57:14,-07:00,2025-04-11T23:57:14-07:00,0,32
contact\index.html,29,html,7044168d,Dylan-Vo05,2025-04-11,23:57:14,-07:00,2025-04-11T23:57:14-07:00,0,7
contact\index.html,30,html,7044168d,Dylan-Vo05,2025-04-11,23:57:14,-07:00,2025-04-11T23:57:14-07:00,0,0
contact\index.html,31,html,7044168d,Dylan-Vo05,2025-04-11,23:57:14,-07:00,2025-04-11T23:57:14-07:00,0,36
contact\index.html,32,html,6bb94747,Dylan-Vo05,2025-04-04,14:18:23,-07:00,2025-04-04T14:18:23-07:00,0,6
contact\index.html,33,html,bf7972e2,Dylan-Vo05,2025-04-04,01:03:10,-07:00,2025-04-04T01:03:10-07:00,0,6
contact\index.html,34,html,bf7972e2,Dylan-Vo05,2025-04-04,01:03:10,-07:00,2025-04-04T01:03:10-07:00,0,6
